epoch,time,train/box_loss,train/cls_loss,train/dfl_loss,metrics/precision(B),metrics/recall(B),metrics/mAP50(B),metrics/mAP50-95(B),val/box_loss,val/cls_loss,val/dfl_loss,lr/pg0,lr/pg1,lr/pg2
1,111.497,0.56722,1.94678,1.14073,1,0.7899,0.94226,0.77297,0.62578,2.94009,0.90823,0.000606061,0.000606061,0.000606061
2,212.334,0.6345,1.37787,1.1829,0.91599,0.87254,0.92782,0.62234,0.90762,2.49399,1.3278,0.00126013,0.00126013,0.00126013
3,323.74,0.69612,1.29344,1.18364,0.76471,0.68,0.817,0.48222,1.38291,3.07338,2.18971,0.00190099,0.00190099,0.00190099
4,456.538,0.7293,1.34512,1.29809,0.77928,0.84758,0.84079,0.51633,1.21156,3.01186,2.11934,0.0019406,0.0019406,0.0019406
5,587.246,0.68677,1.1413,1.18153,0.84003,0.76,0.85626,0.40397,1.38445,4.90361,2.41407,0.0019208,0.0019208,0.0019208
6,697.041,0.66977,1.18716,1.17625,0.9468,0.88,0.96996,0.71035,0.79911,1.58994,1.37,0.001901,0.001901,0.001901
7,799.356,0.76351,1.15897,1.2655,0.7965,0.93968,0.91311,0.66299,0.8519,2.56863,1.16964,0.0018812,0.0018812,0.0018812
8,900.333,0.67074,1.0335,1.17895,0.83885,0.96,0.89066,0.62307,1.39627,2.64425,1.97665,0.0018614,0.0018614,0.0018614
9,1001.74,0.6554,0.9076,1.15855,0.94451,0.8,0.88695,0.66121,0.91465,1.58789,1.24895,0.0018416,0.0018416,0.0018416
10,1104.06,0.64282,0.85145,1.16188,0.83723,0.92,0.91887,0.73856,0.77337,1.4375,1.12385,0.0018218,0.0018218,0.0018218
11,1207.64,0.59594,0.82195,1.13308,0.82611,0.96,0.95007,0.69097,0.77593,1.58654,1.09671,0.001802,0.001802,0.001802
12,1312.87,0.61131,0.79022,1.14402,0.9191,1,0.95962,0.72711,0.74312,1.61953,0.99277,0.0017822,0.0017822,0.0017822
13,1414.46,0.5898,0.75175,1.1222,0.75879,0.88086,0.84388,0.51484,1.02465,2.65187,1.18028,0.0017624,0.0017624,0.0017624
14,1516.43,0.54529,0.71708,1.07301,0.93505,0.8,0.80968,0.5772,1.08897,1.46991,1.2475,0.0017426,0.0017426,0.0017426
15,1617.81,0.67138,0.75887,1.19558,0.92475,1,0.98423,0.80391,0.54586,0.8177,0.82575,0.0017228,0.0017228,0.0017228
16,1749.93,0.62973,0.73603,1.16588,0.93975,0.8,0.94706,0.66161,0.73611,0.93366,1.03266,0.001703,0.001703,0.001703
17,1867.49,0.58446,0.67397,1.11664,0.9457,0.88,0.94835,0.79683,0.64653,0.71194,0.94458,0.0016832,0.0016832,0.0016832
18,1973.91,0.5563,0.64071,1.09703,0.96145,0.99779,0.99038,0.84668,0.47105,0.60229,0.77955,0.0016634,0.0016634,0.0016634
19,2077.72,0.48032,0.55534,1.04696,0.96772,1,0.995,0.86038,0.542,0.51627,0.86537,0.0016436,0.0016436,0.0016436
20,2181.7,0.47966,0.55154,1.03903,0.95836,1,0.99346,0.85621,0.60616,0.63312,0.85371,0.0016238,0.0016238,0.0016238
21,2281.8,0.51336,0.59718,1.08288,0.99264,0.96,0.98357,0.85407,0.70334,0.97142,0.93552,0.001604,0.001604,0.001604
22,2387.16,0.55663,0.62368,1.07521,0.92939,0.96,0.98948,0.84445,0.6932,0.66955,0.90793,0.0015842,0.0015842,0.0015842
23,2491.23,0.53817,0.60734,1.10432,0.91504,1,0.99038,0.81158,0.63597,0.61568,0.87392,0.0015644,0.0015644,0.0015644
24,2594.08,0.52333,0.56107,1.06051,0.95909,1,0.99038,0.8656,0.56882,0.5226,0.81116,0.0015446,0.0015446,0.0015446
25,2696.42,0.48751,0.59888,1.07035,0.96127,1,0.995,0.85377,0.58426,0.52852,0.81109,0.0015248,0.0015248,0.0015248
26,2804.58,0.50437,0.55277,1.06344,0.93275,1,0.995,0.82263,0.6918,1.02034,0.88809,0.001505,0.001505,0.001505
27,2907.08,0.47574,0.54482,1.05047,0.96465,1,0.995,0.84055,0.68785,0.65373,0.9186,0.0014852,0.0014852,0.0014852
28,3010.14,0.50754,0.50888,1.0415,0.96005,1,0.98885,0.81902,0.62312,0.55907,0.82846,0.0014654,0.0014654,0.0014654
29,3110.83,0.44432,0.51426,1.04846,0.95946,1,0.98885,0.8433,0.60839,0.53416,0.81963,0.0014456,0.0014456,0.0014456
30,3218.02,0.49887,0.50765,1.05732,0.98513,1,0.995,0.86061,0.6807,0.58468,0.8768,0.0014258,0.0014258,0.0014258
31,3320.67,0.50783,0.50629,1.07326,0.9099,0.96,0.97662,0.83251,0.56821,0.55291,0.80196,0.001406,0.001406,0.001406
32,3420.9,0.49105,0.47844,1.0622,0.95848,1,0.99192,0.87162,0.44239,0.4201,0.72753,0.0013862,0.0013862,0.0013862
33,3521.89,0.50051,0.46866,1.06116,0.96057,1,0.995,0.8661,0.52289,0.45189,0.78428,0.0013664,0.0013664,0.0013664
34,3624.2,0.44303,0.46615,1.03935,0.95697,1,0.99346,0.82877,0.53839,0.46974,0.80144,0.0013466,0.0013466,0.0013466
35,3724.56,0.45662,0.46876,1.053,0.92326,1,0.98564,0.85047,0.52527,0.42076,0.78771,0.0013268,0.0013268,0.0013268
36,3829,0.50466,0.45261,1.0599,0.92545,1,0.995,0.86075,0.43267,0.46287,0.72509,0.001307,0.001307,0.001307
37,3931.51,0.53618,0.49273,1.099,0.96115,1,0.995,0.85677,0.46704,0.4375,0.74251,0.0012872,0.0012872,0.0012872
38,4032.74,0.49366,0.46276,1.09551,0.97646,1,0.995,0.9104,0.50994,0.44624,0.77974,0.0012674,0.0012674,0.0012674
39,4132.84,0.4803,0.45713,1.03366,0.89092,1,0.98431,0.8595,0.55746,0.45446,0.79264,0.0012476,0.0012476,0.0012476
40,4235.5,0.46675,0.44121,1.05038,0.89721,0.92,0.98476,0.85299,0.50954,0.45261,0.79378,0.0012278,0.0012278,0.0012278
41,4335.98,0.47679,0.45327,1.05848,0.96098,1,0.995,0.89116,0.53883,0.39093,0.80379,0.001208,0.001208,0.001208
42,4437.32,0.46418,0.4504,1.0505,0.8904,1,0.98597,0.8591,0.48592,0.48978,0.78839,0.0011882,0.0011882,0.0011882
43,4540.9,0.49158,0.45316,1.06061,0.9559,0.86746,0.95055,0.80159,0.60595,0.59801,0.8504,0.0011684,0.0011684,0.0011684
44,4641.91,0.4572,0.43276,1.05115,0.95765,1,0.99192,0.86672,0.57963,0.44009,0.78435,0.0011486,0.0011486,0.0011486
45,4742.74,0.48103,0.40633,1.05872,0.9614,0.9965,0.98115,0.83887,0.57071,0.48752,0.79102,0.0011288,0.0011288,0.0011288
46,4844.23,0.41359,0.38974,1.00783,0.96131,0.99395,0.98731,0.81801,0.59116,0.43348,0.81834,0.001109,0.001109,0.001109
47,4943.94,0.43974,0.3905,1.02744,0.95945,1,0.99038,0.8947,0.49705,0.3475,0.7466,0.0010892,0.0010892,0.0010892
48,5044.72,0.42705,0.4028,1.04822,0.95921,1,0.99192,0.90451,0.45242,0.33958,0.72907,0.0010694,0.0010694,0.0010694
49,5145.42,0.48765,0.42768,1.05601,0.95853,1,0.98423,0.91224,0.41406,0.34668,0.70184,0.0010496,0.0010496,0.0010496
50,5245.84,0.45088,0.42944,1.05036,0.95883,1,0.99346,0.86894,0.47709,0.36498,0.75353,0.0010298,0.0010298,0.0010298
51,5347.14,0.42867,0.3882,1.02825,0.95436,1,0.98885,0.86957,0.49862,0.40051,0.74735,0.00101,0.00101,0.00101
52,5450.89,0.40628,0.37459,1.02803,0.95633,1,0.99038,0.8923,0.48828,0.37657,0.70728,0.0009902,0.0009902,0.0009902
53,5551.26,0.44687,0.41236,1.01749,0.91874,1,0.98907,0.89016,0.43348,0.36016,0.69044,0.0009704,0.0009704,0.0009704
54,5652.85,0.4332,0.37284,1.03584,0.9583,1,0.99346,0.88265,0.47726,0.37541,0.73622,0.0009506,0.0009506,0.0009506
55,5762.27,0.38888,0.35867,0.99649,1,0.9999,0.995,0.88623,0.43992,0.31745,0.71512,0.0009308,0.0009308,0.0009308
56,5865.79,0.42995,0.35711,1.00813,0.92349,1,0.99044,0.89904,0.47879,0.3429,0.75731,0.000911,0.000911,0.000911
57,5969.71,0.48112,0.38953,1.06292,0.9615,0.99899,0.99346,0.90015,0.51183,0.33071,0.77964,0.0008912,0.0008912,0.0008912
58,6074.42,0.40788,0.34557,1.0023,0.99369,0.96,0.99204,0.90381,0.42472,0.32719,0.68968,0.0008714,0.0008714,0.0008714
59,6190.56,0.40601,0.35411,1.00362,0.99556,1,0.995,0.93466,0.41218,0.34357,0.67358,0.0008516,0.0008516,0.0008516
60,6296.3,0.38885,0.36684,0.9975,0.98943,1,0.995,0.89068,0.52572,0.35193,0.76508,0.0008318,0.0008318,0.0008318
61,6399.72,0.40854,0.35227,1.00588,0.98279,1,0.995,0.89065,0.46469,0.35681,0.70868,0.000812,0.000812,0.000812
62,6505.25,0.42896,0.37002,0.98209,0.96049,1,0.995,0.91384,0.44258,0.35692,0.6994,0.0007922,0.0007922,0.0007922
63,6611.44,0.38225,0.34384,0.99352,0.95943,1,0.99346,0.89887,0.49151,0.31561,0.74938,0.0007724,0.0007724,0.0007724
64,6719.84,0.40053,0.35519,1.01348,0.95949,1,0.99346,0.91336,0.46283,0.31091,0.71107,0.0007526,0.0007526,0.0007526
65,6824.41,0.39737,0.30955,0.9925,0.95949,1,0.99346,0.91146,0.43226,0.31376,0.69841,0.0007328,0.0007328,0.0007328
66,6931.24,0.3817,0.34524,1.00823,0.9603,1,0.995,0.90015,0.41956,0.29836,0.70719,0.000713,0.000713,0.000713
67,7036.87,0.41624,0.35613,0.99906,0.95783,1,0.995,0.91383,0.41737,0.31746,0.69435,0.0006932,0.0006932,0.0006932
68,7143.3,0.35443,0.31173,0.97984,0.95781,1,0.995,0.89796,0.41466,0.33726,0.68141,0.0006734,0.0006734,0.0006734
69,7250.45,0.41688,0.33051,1.00107,0.95642,1,0.995,0.90038,0.41607,0.32616,0.6737,0.0006536,0.0006536,0.0006536
70,7356.64,0.39837,0.31246,1.0137,0.95758,1,0.995,0.90767,0.4147,0.33537,0.68954,0.0006338,0.0006338,0.0006338
71,7463.55,0.36448,0.33037,0.98776,0.95733,1,0.995,0.90665,0.3975,0.30683,0.68825,0.000614,0.000614,0.000614
72,7577.03,0.39804,0.33065,1.01513,0.95827,1,0.99346,0.92277,0.36036,0.2822,0.66555,0.0005942,0.0005942,0.0005942
73,7681.65,0.38417,0.40561,1.00427,0.96116,1,0.995,0.9208,0.38519,0.30362,0.66178,0.0005744,0.0005744,0.0005744
74,7784.56,0.38323,0.32153,0.97984,1,0.98966,0.995,0.94317,0.30592,0.28301,0.62255,0.0005546,0.0005546,0.0005546
75,7887.78,0.3449,0.35112,0.97329,0.99862,1,0.995,0.93444,0.33724,0.29323,0.63125,0.0005348,0.0005348,0.0005348
76,7990.43,0.36902,0.32235,0.98673,0.99865,1,0.995,0.92303,0.37803,0.2795,0.65019,0.000515,0.000515,0.000515
77,8092.79,0.33932,0.29722,0.97224,0.99843,1,0.995,0.93797,0.38863,0.26954,0.65309,0.0004952,0.0004952,0.0004952
78,8194.59,0.3509,0.27927,0.99663,0.99767,1,0.995,0.93167,0.3811,0.28686,0.65184,0.0004754,0.0004754,0.0004754
79,8295.88,0.34514,0.29418,1.00621,0.99485,1,0.995,0.91278,0.43292,0.28932,0.67056,0.0004556,0.0004556,0.0004556
80,8401.85,0.34284,0.29899,0.97684,0.98018,1,0.995,0.91926,0.41675,0.29677,0.67141,0.0004358,0.0004358,0.0004358
81,8503.4,0.31714,0.29847,0.98329,0.97846,1,0.995,0.91855,0.41183,0.28214,0.67032,0.000416,0.000416,0.000416
82,8603.96,0.33877,0.30097,0.98079,0.95978,1,0.99346,0.92185,0.38763,0.26798,0.65409,0.0003962,0.0003962,0.0003962
83,8705.47,0.35887,0.2851,0.98457,0.96033,1,0.99346,0.92476,0.36079,0.28328,0.63457,0.0003764,0.0003764,0.0003764
84,8811.94,0.34281,0.29865,1.00155,0.96027,1,0.99346,0.90626,0.36857,0.2807,0.64656,0.0003566,0.0003566,0.0003566
85,8925.87,0.33881,0.27051,0.98441,0.96027,1,0.99346,0.90462,0.367,0.2834,0.64957,0.0003368,0.0003368,0.0003368
86,9037.01,0.31617,0.27255,0.94061,0.9606,1,0.99346,0.91176,0.34936,0.27645,0.64012,0.000317,0.000317,0.000317
87,9141.21,0.32491,0.28428,0.97077,0.96005,1,0.99346,0.92808,0.34271,0.26906,0.6334,0.0002972,0.0002972,0.0002972
88,9247.44,0.30332,0.28728,0.94768,0.95966,1,0.99346,0.92341,0.3501,0.29123,0.64117,0.0002774,0.0002774,0.0002774
89,9353.25,0.31921,0.29358,0.95953,0.95958,1,0.99346,0.92618,0.35382,0.28417,0.64519,0.0002576,0.0002576,0.0002576
90,9460.01,0.34805,0.31211,0.97513,0.97056,1,0.995,0.9275,0.35426,0.28828,0.64262,0.0002378,0.0002378,0.0002378
91,9568.25,0.29584,0.29872,0.97779,0.96039,1,0.995,0.93561,0.34423,0.28218,0.63768,0.000218,0.000218,0.000218
92,9676.12,0.2759,0.26838,0.95266,0.96042,1,0.995,0.92238,0.36033,0.30961,0.63796,0.0001982,0.0001982,0.0001982
93,9783.64,0.28743,0.26361,0.93212,0.96079,1,0.995,0.92968,0.3591,0.28976,0.6377,0.0001784,0.0001784,0.0001784
94,9889.91,0.25619,0.25189,0.91141,0.9704,1,0.995,0.94197,0.32707,0.2608,0.62893,0.0001586,0.0001586,0.0001586
95,9995.85,0.25413,0.24715,0.93785,0.97137,1,0.995,0.93677,0.32471,0.24496,0.62974,0.0001388,0.0001388,0.0001388
96,10103,0.26942,0.24655,0.94637,0.97876,1,0.995,0.93533,0.32538,0.24855,0.63018,0.000119,0.000119,0.000119
97,10207.6,0.23753,0.21949,0.90033,0.97484,1,0.995,0.93458,0.33298,0.25183,0.63522,9.92e-05,9.92e-05,9.92e-05
98,10319.1,0.26636,0.22449,0.95534,0.97083,1,0.995,0.92177,0.3421,0.24259,0.64023,7.94e-05,7.94e-05,7.94e-05
99,10438.8,0.23336,0.22409,0.89841,0.96541,1,0.995,0.92111,0.34298,0.23932,0.63917,5.96e-05,5.96e-05,5.96e-05
100,10559.8,0.25664,0.27781,0.9521,0.96308,1,0.995,0.92761,0.34393,0.23193,0.63961,3.98e-05,3.98e-05,3.98e-05
